titulo,proximo_video
https://www.youtube.com/watch?v=DzapQoM0k3k,https://www.youtube.com/watch?v=fwg7FrPNmNA
https://www.youtube.com/watch?v=fwg7FrPNmNA,https://www.youtube.com/watch?v=GsxShzT6Z8E
https://www.youtube.com/watch?v=GsxShzT6Z8E,https://www.youtube.com/watch?v=ZLIra2ic1WE
https://www.youtube.com/watch?v=ZLIra2ic1WE,https://www.youtube.com/watch?v=EYEuuz--B6E
https://www.youtube.com/watch?v=EYEuuz--B6E,https://www.youtube.com/watch?v=BflciKi3JKY
https://www.youtube.com/watch?v=BflciKi3JKY,https://www.youtube.com/watch?v=dFD8rnL2Gsc
https://www.youtube.com/watch?v=dFD8rnL2Gsc,https://www.youtube.com/watch?v=5iugTMkVOvU
https://www.youtube.com/watch?v=5iugTMkVOvU,https://www.youtube.com/watch?v=j-jtYg3ZT3s
https://www.youtube.com/watch?v=j-jtYg3ZT3s,https://www.youtube.com/watch?v=HqwnLhiKoac
https://www.youtube.com/watch?v=HqwnLhiKoac,https://www.youtube.com/watch?v=HpK2px1Sico
https://www.youtube.com/watch?v=HpK2px1Sico,https://www.youtube.com/watch?v=1FpxJcYs_pA
https://www.youtube.com/watch?v=1FpxJcYs_pA,https://www.youtube.com/watch?v=rfcuTLucZww
https://www.youtube.com/watch?v=rfcuTLucZww,https://www.youtube.com/watch?v=n6gEKxYAyh0
https://www.youtube.com/watch?v=n6gEKxYAyh0,https://www.youtube.com/watch?v=l-JlwYajKt0
https://www.youtube.com/watch?v=l-JlwYajKt0,https://www.youtube.com/watch?v=VarG37AdAfY
https://www.youtube.com/watch?v=VarG37AdAfY,https://www.youtube.com/watch?v=n9bGep11UwM
https://www.youtube.com/watch?v=n9bGep11UwM,https://www.youtube.com/watch?v=wdevDa32AYo
https://www.youtube.com/watch?v=wdevDa32AYo,https://www.youtube.com/watch?v=bUS791Irv-I
https://www.youtube.com/watch?v=bUS791Irv-I,https://www.youtube.com/watch?v=OA-ZnkbPTp8
https://www.youtube.com/watch?v=OA-ZnkbPTp8,https://www.youtube.com/watch?v=7AqzrVGJNzw
https://www.youtube.com/watch?v=7AqzrVGJNzw,https://www.youtube.com/watch?v=5v-Gd_Jq-G8
https://www.youtube.com/watch?v=5v-Gd_Jq-G8,https://www.youtube.com/watch?v=pah3DP__8_Y
https://www.youtube.com/watch?v=pah3DP__8_Y,https://www.youtube.com/watch?v=B2Gy_Rg7Kx4
https://www.youtube.com/watch?v=B2Gy_Rg7Kx4,https://www.youtube.com/watch?v=7Nw0GcJ9ICo
https://www.youtube.com/watch?v=7Nw0GcJ9ICo,https://www.youtube.com/watch?v=2KjAL0emPVo
https://www.youtube.com/watch?v=2KjAL0emPVo,https://www.youtube.com/watch?v=PvYBRleI9E4
https://www.youtube.com/watch?v=PvYBRleI9E4,https://music.youtube.com/watch?v=0kw444Syhec
https://music.youtube.com/watch?v=0kw444Syhec,https://www.youtube.com/watch?v=dK_6ffUJnOQ
https://www.youtube.com/watch?v=dK_6ffUJnOQ,https://www.youtube.com/watch?v=rWZ9qXWfwnE
https://www.youtube.com/watch?v=rWZ9qXWfwnE,https://www.youtube.com/watch?v=pDYoaLr3rYM
https://www.youtube.com/watch?v=pDYoaLr3rYM,https://www.youtube.com/watch?v=ygPtfK3267w
https://www.youtube.com/watch?v=ygPtfK3267w,https://www.youtube.com/watch?v=h9ZJwutdzeU
https://www.youtube.com/watch?v=h9ZJwutdzeU,https://www.youtube.com/watch?v=-GJwEs7ei4c
https://www.youtube.com/watch?v=-GJwEs7ei4c,https://www.youtube.com/watch?v=pah3DP__8_Y
https://www.youtube.com/watch?v=pah3DP__8_Y,https://www.youtube.com/watch?v=bUs5KhdXveA
https://www.youtube.com/watch?v=bUs5KhdXveA,https://www.youtube.com/watch?v=Z5Q_lm7ORas
https://www.youtube.com/watch?v=Z5Q_lm7ORas,https://www.youtube.com/watch?v=hK-LWYtIv7k
https://www.youtube.com/watch?v=hK-LWYtIv7k,https://www.youtube.com/watch?v=gs2vNBRd3zU
https://www.youtube.com/watch?v=gs2vNBRd3zU,https://www.youtube.com/watch?v=dsi8aSy0_qg
https://www.youtube.com/watch?v=dsi8aSy0_qg,https://www.youtube.com/watch?v=Dk_qv9BAhOc
https://www.youtube.com/watch?v=Dk_qv9BAhOc,https://www.youtube.com/watch?v=iR1c8THZe2g
https://www.youtube.com/watch?v=iR1c8THZe2g,https://www.youtube.com/watch?v=iR1c8THZe2g
https://www.youtube.com/watch?v=iR1c8THZe2g,https://www.youtube.com/watch?v=616yi4lgQws
https://www.youtube.com/watch?v=616yi4lgQws,https://www.youtube.com/watch?v=WKzv11ku9zs
https://www.youtube.com/watch?v=WKzv11ku9zs,https://www.youtube.com/watch?v=fuowyeooP5Q
https://www.youtube.com/watch?v=fuowyeooP5Q,https://www.youtube.com/watch?v=DbHssEeKEFs
https://www.youtube.com/watch?v=DbHssEeKEFs,https://www.youtube.com/watch?v=MTOx12b8WWQ
https://www.youtube.com/watch?v=MTOx12b8WWQ,https://www.youtube.com/watch?v=ggRsHVon1Ck
https://www.youtube.com/watch?v=ggRsHVon1Ck,https://www.youtube.com/watch?v=8ajPg7Nn1JQ
https://www.youtube.com/watch?v=8ajPg7Nn1JQ,https://www.youtube.com/watch?v=EJFbq6p6AMo
https://www.youtube.com/watch?v=EJFbq6p6AMo,https://www.youtube.com/watch?v=VarG37AdAfY
https://www.youtube.com/watch?v=VarG37AdAfY,https://www.youtube.com/watch?v=ugnHEaqBzmw
https://www.youtube.com/watch?v=ugnHEaqBzmw,https://www.youtube.com/watch?v=MRM91kP1POY
https://www.youtube.com/watch?v=MRM91kP1POY,https://www.youtube.com/watch?v=vdolgULq37A
https://www.youtube.com/watch?v=vdolgULq37A,https://www.youtube.com/watch?v=VarG37AdAfY
https://www.youtube.com/watch?v=VarG37AdAfY,https://www.youtube.com/watch?v=B2Gy_Rg7Kx4
https://www.youtube.com/watch?v=B2Gy_Rg7Kx4,https://www.youtube.com/watch?v=bnRFL3kaREo
https://www.youtube.com/watch?v=bnRFL3kaREo,https://www.youtube.com/watch?v=v0FYNW8Y_IE
https://www.youtube.com/watch?v=v0FYNW8Y_IE,https://www.youtube.com/watch?v=xwgBHSAvY0k
https://www.youtube.com/watch?v=xwgBHSAvY0k,https://www.youtube.com/watch?v=-JgXnhO23AM
https://www.youtube.com/watch?v=-JgXnhO23AM,https://www.youtube.com/watch?v=f7B6O2DrwWs
https://www.youtube.com/watch?v=f7B6O2DrwWs,https://www.youtube.com/watch?v=QdTMa9nVyOQ
https://www.youtube.com/watch?v=QdTMa9nVyOQ,https://www.youtube.com/watch?v=el3pMMR__yU
https://www.youtube.com/watch?v=el3pMMR__yU,https://www.youtube.com/watch?v=jtI-_hRW6vI
https://www.youtube.com/watch?v=jtI-_hRW6vI,https://www.youtube.com/watch?v=sX1L5fYt1Os
https://www.youtube.com/watch?v=sX1L5fYt1Os,https://www.youtube.com/watch?v=VarG37AdAfY
https://www.youtube.com/watch?v=VarG37AdAfY,https://www.youtube.com/watch?v=r3vIrpFez44
https://www.youtube.com/watch?v=r3vIrpFez44,https://www.youtube.com/watch?v=6IPJJxCFuTg
https://www.youtube.com/watch?v=6IPJJxCFuTg,https://www.youtube.com/watch?v=c4dE6jXH7b8
https://www.youtube.com/watch?v=c4dE6jXH7b8,https://www.youtube.com/watch?v=9T0YodH73D4
https://www.youtube.com/watch?v=9T0YodH73D4,https://www.youtube.com/watch?v=uq72NzgiGak
https://www.youtube.com/watch?v=uq72NzgiGak,https://www.youtube.com/watch?v=KO0RFJSD_zg
https://www.youtube.com/watch?v=KO0RFJSD_zg,https://www.youtube.com/watch?v=RWB-y0COwPo
https://www.youtube.com/watch?v=RWB-y0COwPo,https://www.youtube.com/watch?v=tve-wpLv6N4
https://www.youtube.com/watch?v=tve-wpLv6N4,https://www.youtube.com/watch?v=Y4a_vp6f460
https://www.youtube.com/watch?v=Y4a_vp6f460,https://www.youtube.com/watch?v=Qgld1Aeo1jk
https://www.youtube.com/watch?v=Qgld1Aeo1jk,https://www.youtube.com/watch?v=dVxwFeOOdLc
https://www.youtube.com/watch?v=dVxwFeOOdLc,https://www.youtube.com/watch?v=keoNlqsaLqE
https://www.youtube.com/watch?v=keoNlqsaLqE,https://www.youtube.com/watch?v=vdolgULq37A
https://www.youtube.com/watch?v=vdolgULq37A,https://www.youtube.com/watch?v=LIYnsWV_RT8
https://www.youtube.com/watch?v=LIYnsWV_RT8,https://www.youtube.com/watch?v=t4NYiNqxmxM
https://www.youtube.com/watch?v=t4NYiNqxmxM,https://www.youtube.com/watch?v=iC0I3BjvMl0
https://www.youtube.com/watch?v=iC0I3BjvMl0,https://www.youtube.com/watch?v=GdGXPlDUYLY
https://www.youtube.com/watch?v=GdGXPlDUYLY,https://www.youtube.com/watch?v=ff8Ho-veFqM
https://www.youtube.com/watch?v=ff8Ho-veFqM,https://www.youtube.com/watch?v=_MHJrx8OGfw
https://www.youtube.com/watch?v=_MHJrx8OGfw,https://www.youtube.com/watch?v=s1eTkFCBPzg
https://www.youtube.com/watch?v=s1eTkFCBPzg,https://www.youtube.com/watch?v=Xa5K17vfT_M
https://www.youtube.com/watch?v=Xa5K17vfT_M,https://www.youtube.com/watch?v=Rdw0Aib_Kts
https://www.youtube.com/watch?v=Rdw0Aib_Kts,https://www.youtube.com/watch?v=iRs9i7KHOsA
https://www.youtube.com/watch?v=iRs9i7KHOsA,https://www.youtube.com/watch?v=L2Fy5l0QlcU
https://www.youtube.com/watch?v=L2Fy5l0QlcU,https://www.youtube.com/watch?v=JJhtZo91IPQ
https://www.youtube.com/watch?v=JJhtZo91IPQ,https://music.youtube.com/watch?v=IJ-I6KviOf8
https://music.youtube.com/watch?v=IJ-I6KviOf8,https://www.youtube.com/watch?v=EkdiCZjyN0c
https://www.youtube.com/watch?v=EkdiCZjyN0c,https://www.youtube.com/watch?v=GGAwwqNo5M8
https://www.youtube.com/watch?v=GGAwwqNo5M8,https://www.youtube.com/watch?v=yIWW2m9O2A4
https://www.youtube.com/watch?v=yIWW2m9O2A4,https://www.youtube.com/watch?v=iRs9i7KHOsA
https://www.youtube.com/watch?v=iRs9i7KHOsA,https://www.youtube.com/watch?v=I7aljbxZiJA
https://www.youtube.com/watch?v=I7aljbxZiJA,https://www.youtube.com/watch?v=9AbkmRr6kYE
https://www.youtube.com/watch?v=9AbkmRr6kYE,https://www.youtube.com/watch?v=NEBkpkKZHpU
https://www.youtube.com/watch?v=NEBkpkKZHpU,https://www.youtube.com/watch?v=r3vIrpFez44
https://www.youtube.com/watch?v=r3vIrpFez44,https://www.youtube.com/watch?v=imJU8D1IiD8
https://www.youtube.com/watch?v=imJU8D1IiD8,https://www.youtube.com/watch?v=nj-eWA7BRwg
https://www.youtube.com/watch?v=nj-eWA7BRwg,https://www.youtube.com/watch?v=30jP6JKclOo
https://www.youtube.com/watch?v=30jP6JKclOo,https://www.youtube.com/watch?v=W8z_ef8YICQ
https://www.youtube.com/watch?v=W8z_ef8YICQ,https://www.youtube.com/watch?v=T6uALhkefy4
https://www.youtube.com/watch?v=T6uALhkefy4,https://music.youtube.com/watch?v=WFmVES184ow
https://music.youtube.com/watch?v=WFmVES184ow,https://www.youtube.com/watch?v=9fWXtzkF-hA
https://www.youtube.com/watch?v=9fWXtzkF-hA,https://www.youtube.com/watch?v=6Tx06fLrdOg
https://www.youtube.com/watch?v=6Tx06fLrdOg,https://www.youtube.com/watch?v=myNDlix8szw
https://www.youtube.com/watch?v=myNDlix8szw,https://www.youtube.com/watch?v=BtIrAwcbqtQ
https://www.youtube.com/watch?v=BtIrAwcbqtQ,https://www.youtube.com/watch?v=KQO0po1LmXc
https://www.youtube.com/watch?v=KQO0po1LmXc,https://www.youtube.com/watch?v=_VYrfO5hXlo
https://www.youtube.com/watch?v=_VYrfO5hXlo,https://www.youtube.com/watch?v=UdJLiHDkODQ
https://www.youtube.com/watch?v=UdJLiHDkODQ,https://www.youtube.com/watch?v=O9VAOLETyYk
https://www.youtube.com/watch?v=O9VAOLETyYk,https://www.youtube.com/watch?v=ufWUwW_vmJk
https://www.youtube.com/watch?v=ufWUwW_vmJk,https://www.youtube.com/watch?v=pJES4xv4C4E
https://www.youtube.com/watch?v=pJES4xv4C4E,https://www.youtube.com/watch?v=tnnO5qS9ioQ
https://www.youtube.com/watch?v=tnnO5qS9ioQ,https://www.youtube.com/watch?v=EVpLgA-0s4Q
https://www.youtube.com/watch?v=EVpLgA-0s4Q,https://www.youtube.com/watch?v=Wbtt6O0ioyk
https://www.youtube.com/watch?v=Wbtt6O0ioyk,https://www.youtube.com/watch?v=pQUzC7piG4w
https://www.youtube.com/watch?v=pQUzC7piG4w,https://www.youtube.com/watch?v=y7pBi982znE
https://www.youtube.com/watch?v=y7pBi982znE,https://www.youtube.com/watch?v=_c9hACd4-rg
https://www.youtube.com/watch?v=_c9hACd4-rg,https://www.youtube.com/watch?v=aCnS9sNDgeY
https://www.youtube.com/watch?v=aCnS9sNDgeY,https://www.youtube.com/watch?v=Sq0GVS0LZMk
https://www.youtube.com/watch?v=Sq0GVS0LZMk,https://www.youtube.com/watch?v=asecYR3LeZI
https://www.youtube.com/watch?v=asecYR3LeZI,https://www.youtube.com/watch?v=By6_EooJP8g
https://www.youtube.com/watch?v=By6_EooJP8g,https://www.youtube.com/watch?v=KS0Oa3AN7Ws
https://www.youtube.com/watch?v=KS0Oa3AN7Ws,https://www.youtube.com/watch?v=Tfwf9hpaCeY
https://www.youtube.com/watch?v=Tfwf9hpaCeY,https://www.youtube.com/watch?v=mHII6FLDzLA
https://www.youtube.com/watch?v=mHII6FLDzLA,https://www.youtube.com/watch?v=KmG69RSNHGU
https://www.youtube.com/watch?v=KmG69RSNHGU,https://www.youtube.com/watch?v=2_8f420gc0o
https://www.youtube.com/watch?v=2_8f420gc0o,https://www.youtube.com/watch?v=tNagpznFAyw
https://www.youtube.com/watch?v=tNagpznFAyw,https://www.youtube.com/watch?v=FpGQwNZQZrk
https://www.youtube.com/watch?v=FpGQwNZQZrk,https://www.youtube.com/watch?v=ASmj9j4opN4
https://www.youtube.com/watch?v=ASmj9j4opN4,https://www.youtube.com/watch?v=uzvzELpAiOs
https://www.youtube.com/watch?v=uzvzELpAiOs,https://www.youtube.com/watch?v=7loTySpm1dU
https://www.youtube.com/watch?v=7loTySpm1dU,https://www.youtube.com/watch?v=p5-A3WqVm3s
https://www.youtube.com/watch?v=p5-A3WqVm3s,https://www.youtube.com/watch?v=B52m3itoepQ
https://www.youtube.com/watch?v=B52m3itoepQ,https://www.youtube.com/watch?v=6cHQj9TJlko
https://www.youtube.com/watch?v=6cHQj9TJlko,https://www.youtube.com/watch?v=2th7dPiXSpY
https://www.youtube.com/watch?v=2th7dPiXSpY,https://www.youtube.com/watch?v=Cqqz3Z_0ptw
https://www.youtube.com/watch?v=Cqqz3Z_0ptw,https://www.youtube.com/watch?v=4ZwG_Hu-pHo
https://www.youtube.com/watch?v=4ZwG_Hu-pHo,https://www.youtube.com/watch?v=Hd8sewa4JoE
https://www.youtube.com/watch?v=Hd8sewa4JoE,https://www.youtube.com/watch?v=q63xcFb-Vnc
https://www.youtube.com/watch?v=q63xcFb-Vnc,https://www.youtube.com/watch?v=n75okYwutRc
https://www.youtube.com/watch?v=n75okYwutRc,https://www.youtube.com/watch?v=f_vFcJavS0c
https://www.youtube.com/watch?v=f_vFcJavS0c,https://www.youtube.com/watch?v=xNmL3yPRMxM
https://www.youtube.com/watch?v=xNmL3yPRMxM,https://www.youtube.com/watch?v=4ZwG_Hu-pHo
https://www.youtube.com/watch?v=4ZwG_Hu-pHo,https://www.youtube.com/watch?v=1CKeVe6NKbM
https://www.youtube.com/watch?v=1CKeVe6NKbM,https://www.youtube.com/watch?v=ICsCNutSnfw
https://www.youtube.com/watch?v=ICsCNutSnfw,https://www.youtube.com/watch?v=kaIF5vtrPIw
https://www.youtube.com/watch?v=kaIF5vtrPIw,https://www.youtube.com/watch?v=-nfbQvU1PnQ
https://www.youtube.com/watch?v=-nfbQvU1PnQ,https://www.youtube.com/watch?v=rL1jI4k-VSE
https://www.youtube.com/watch?v=rL1jI4k-VSE,https://www.youtube.com/watch?v=wkRiEJHYz-0
https://www.youtube.com/watch?v=wkRiEJHYz-0,https://www.youtube.com/watch?v=Y0MF9FFQ628
https://www.youtube.com/watch?v=Y0MF9FFQ628,https://www.youtube.com/watch?v=9gR0iUzGw2s
https://www.youtube.com/watch?v=9gR0iUzGw2s,https://www.youtube.com/watch?v=Be5rm_zrN1A
https://www.youtube.com/watch?v=Be5rm_zrN1A,https://www.youtube.com/watch?v=jz_ZEA-zQGM
https://www.youtube.com/watch?v=jz_ZEA-zQGM,https://www.youtube.com/watch?v=t1KtUNyy3lg
https://www.youtube.com/watch?v=t1KtUNyy3lg,https://www.youtube.com/watch?v=AOLVwDwA9pc
https://www.youtube.com/watch?v=AOLVwDwA9pc,https://www.youtube.com/watch?v=RikGmlUWzww
https://www.youtube.com/watch?v=RikGmlUWzww,https://www.youtube.com/watch?v=eK3w2OyMYDE
https://www.youtube.com/watch?v=eK3w2OyMYDE,https://www.youtube.com/watch?v=e_r3HmmBQaM
https://www.youtube.com/watch?v=e_r3HmmBQaM,https://www.youtube.com/watch?v=Pb8SlGr2Iks
https://www.youtube.com/watch?v=Pb8SlGr2Iks,https://www.youtube.com/watch?v=79DwTNO9P_s
https://www.youtube.com/watch?v=79DwTNO9P_s,https://www.youtube.com/watch?v=ayajTrETG48
https://www.youtube.com/watch?v=ayajTrETG48,https://www.youtube.com/watch?v=-rW0qZow3Ss
https://www.youtube.com/watch?v=-rW0qZow3Ss,https://www.youtube.com/watch?v=78DSMeP3Tv8
https://www.youtube.com/watch?v=78DSMeP3Tv8,https://www.youtube.com/watch?v=RXE64_osHCU
https://www.youtube.com/watch?v=RXE64_osHCU,https://www.youtube.com/watch?v=c6vY9kviYoY
https://www.youtube.com/watch?v=c6vY9kviYoY,https://www.youtube.com/watch?v=zBBTrBfnRa4
https://www.youtube.com/watch?v=zBBTrBfnRa4,https://www.youtube.com/watch?v=XQTxGtVmCxw
https://www.youtube.com/watch?v=XQTxGtVmCxw,https://www.youtube.com/watch?v=bbhefTzv0Rk
https://www.youtube.com/watch?v=bbhefTzv0Rk,https://www.youtube.com/watch?v=wkRiEJHYz-0
https://www.youtube.com/watch?v=wkRiEJHYz-0,https://www.youtube.com/watch?v=g91xK-pvqEY
https://www.youtube.com/watch?v=g91xK-pvqEY,https://www.youtube.com/watch?v=zHpzmYyzJr0
https://www.youtube.com/watch?v=zHpzmYyzJr0,https://www.youtube.com/watch?v=JwvHyWfMm_U
https://www.youtube.com/watch?v=JwvHyWfMm_U,https://www.youtube.com/watch?v=osIUttE9cwk
https://www.youtube.com/watch?v=osIUttE9cwk,https://www.youtube.com/watch?v=ypgwLbcEPlg
https://www.youtube.com/watch?v=ypgwLbcEPlg,https://www.youtube.com/watch?v=GAl7jbpLHOU
https://www.youtube.com/watch?v=GAl7jbpLHOU,https://www.youtube.com/watch?v=h_ocYVZ1ddo
https://www.youtube.com/watch?v=h_ocYVZ1ddo,https://www.youtube.com/watch?v=Y6Z2Jl7dZn4
https://www.youtube.com/watch?v=Y6Z2Jl7dZn4,https://www.youtube.com/watch?v=0f4AL-Nv3lI
https://www.youtube.com/watch?v=0f4AL-Nv3lI,https://www.youtube.com/watch?v=50gRXDYJXhY
https://www.youtube.com/watch?v=50gRXDYJXhY,https://www.youtube.com/watch?v=YpWhf_0R_zs
https://www.youtube.com/watch?v=YpWhf_0R_zs,https://www.youtube.com/watch?v=NJp0NjjPmZ4
https://www.youtube.com/watch?v=NJp0NjjPmZ4,https://www.youtube.com/watch?v=cjCiylOiPF0
https://www.youtube.com/watch?v=cjCiylOiPF0,https://www.youtube.com/watch?v=ThrnHN0iThY
https://www.youtube.com/watch?v=ThrnHN0iThY,https://www.youtube.com/watch?v=7hii2Rgiryw
https://www.youtube.com/watch?v=7hii2Rgiryw,https://www.youtube.com/watch?v=xNmL3yPRMxM
https://www.youtube.com/watch?v=xNmL3yPRMxM,https://www.youtube.com/watch?v=Gl1b0Ihtsyo
https://www.youtube.com/watch?v=Gl1b0Ihtsyo,https://www.youtube.com/watch?v=P3XF4iXeJiI
https://www.youtube.com/watch?v=P3XF4iXeJiI,https://www.youtube.com/watch?v=7KQCDil-cG0
https://www.youtube.com/watch?v=7KQCDil-cG0,https://www.youtube.com/watch?v=Irmxv0M3f3o
https://www.youtube.com/watch?v=Irmxv0M3f3o,https://www.youtube.com/watch?v=t-F_CjX63SY
https://www.youtube.com/watch?v=t-F_CjX63SY,https://www.youtube.com/watch?v=djlUNjCFzLA
https://www.youtube.com/watch?v=djlUNjCFzLA,https://www.youtube.com/watch?v=7T-vdeZue1w
https://www.youtube.com/watch?v=7T-vdeZue1w,https://www.youtube.com/watch?v=A59fvEfHOWQ
https://www.youtube.com/watch?v=A59fvEfHOWQ,https://www.youtube.com/watch?v=rIgGva8m-yE
https://www.youtube.com/watch?v=rIgGva8m-yE,https://www.youtube.com/watch?v=k55SxMwLzrE
https://www.youtube.com/watch?v=k55SxMwLzrE,https://www.youtube.com/watch?v=mmRCkZwdefg
https://www.youtube.com/watch?v=mmRCkZwdefg,https://www.youtube.com/watch?v=AeJqIJNRpQw
https://www.youtube.com/watch?v=AeJqIJNRpQw,https://www.youtube.com/watch?v=f6trHFH9DA0
https://www.youtube.com/watch?v=f6trHFH9DA0,https://www.youtube.com/watch?v=MOJv1Rl6Pn0
https://www.youtube.com/watch?v=MOJv1Rl6Pn0,https://www.youtube.com/watch?v=tyPJgNyv310
https://www.youtube.com/watch?v=tyPJgNyv310,https://www.youtube.com/watch?v=WBx2qOFsIPs
https://www.youtube.com/watch?v=WBx2qOFsIPs,https://www.youtube.com/watch?v=m4QnjQ9lvLI
https://www.youtube.com/watch?v=m4QnjQ9lvLI,https://www.youtube.com/watch?v=QKnRCTnxUMA
https://www.youtube.com/watch?v=QKnRCTnxUMA,https://www.youtube.com/watch?v=bTTser3CGkg
https://www.youtube.com/watch?v=bTTser3CGkg,https://www.youtube.com/watch?v=vSwpxpuvfDI
https://www.youtube.com/watch?v=vSwpxpuvfDI,https://www.youtube.com/watch?v=zSBUzbjcGeU
https://www.youtube.com/watch?v=zSBUzbjcGeU,https://www.youtube.com/watch?v=ymT0ud6hmNA
https://www.youtube.com/watch?v=ymT0ud6hmNA,https://www.youtube.com/watch?v=vsrUjLqKUDs
https://www.youtube.com/watch?v=vsrUjLqKUDs,https://www.youtube.com/watch?v=GOcH2RevKdE
https://www.youtube.com/watch?v=GOcH2RevKdE,https://www.youtube.com/watch?v=J9aMCxZbF9M
https://www.youtube.com/watch?v=J9aMCxZbF9M,https://www.youtube.com/watch?v=9bz6KdD-TyI
https://www.youtube.com/watch?v=9bz6KdD-TyI,https://www.youtube.com/watch?v=p6wb-eEbcQA
https://www.youtube.com/watch?v=p6wb-eEbcQA,https://www.youtube.com/watch?v=N-kwsxoMMQY
https://www.youtube.com/watch?v=N-kwsxoMMQY,https://www.youtube.com/watch?v=HDly8y-MCis
https://www.youtube.com/watch?v=HDly8y-MCis,https://www.youtube.com/watch?v=MP_8J9qJ3IU
https://www.youtube.com/watch?v=MP_8J9qJ3IU,https://www.youtube.com/watch?v=Pb8SlGr2Iks
https://www.youtube.com/watch?v=Pb8SlGr2Iks,https://www.youtube.com/watch?v=S7qzxIzSbGk
https://www.youtube.com/watch?v=S7qzxIzSbGk,https://www.youtube.com/watch?v=qNMpwXgWap4
https://www.youtube.com/watch?v=qNMpwXgWap4,https://www.youtube.com/watch?v=lrECcbdl-Tg
https://www.youtube.com/watch?v=lrECcbdl-Tg,https://www.youtube.com/watch?v=tOtN3il602A
https://www.youtube.com/watch?v=tOtN3il602A,https://www.youtube.com/watch?v=OCslwMhrL04
https://www.youtube.com/watch?v=OCslwMhrL04,https://www.youtube.com/watch?v=2ZnnA-_k9Nc
https://www.youtube.com/watch?v=2ZnnA-_k9Nc,https://www.youtube.com/watch?v=qGQeckFbd_k
https://www.youtube.com/watch?v=qGQeckFbd_k,https://www.youtube.com/watch?v=-souvhLAGig
https://www.youtube.com/watch?v=-souvhLAGig,https://www.youtube.com/watch?v=n-o_qJW3CqI
https://www.youtube.com/watch?v=n-o_qJW3CqI,https://www.youtube.com/watch?v=kq9j2y4lXak
https://www.youtube.com/watch?v=kq9j2y4lXak,https://www.youtube.com/watch?v=aWkKvdXyFpQ
https://www.youtube.com/watch?v=aWkKvdXyFpQ,https://www.youtube.com/watch?v=nlTYcYuIAaw
https://www.youtube.com/watch?v=nlTYcYuIAaw,https://www.youtube.com/watch?v=D0lrELhBFiE
https://www.youtube.com/watch?v=D0lrELhBFiE,https://www.youtube.com/watch?v=xO905x7CGg8
https://www.youtube.com/watch?v=xO905x7CGg8,https://www.youtube.com/watch?v=64wEYRKxFA8
https://www.youtube.com/watch?v=64wEYRKxFA8,https://www.youtube.com/watch?v=gdVbCz5Zypg
https://www.youtube.com/watch?v=gdVbCz5Zypg,https://www.youtube.com/watch?v=MNkQAR5wABY
https://www.youtube.com/watch?v=MNkQAR5wABY,https://www.youtube.com/watch?v=aq9h3M9nzpw
https://www.youtube.com/watch?v=aq9h3M9nzpw,https://www.youtube.com/watch?v=zsDq_ZX_BBI
https://www.youtube.com/watch?v=zsDq_ZX_BBI,https://www.youtube.com/watch?v=gbAqW_ma8c0
https://www.youtube.com/watch?v=gbAqW_ma8c0,https://www.youtube.com/watch?v=d-zwK1APq5M
https://www.youtube.com/watch?v=d-zwK1APq5M,https://www.youtube.com/watch?v=j8ZauZohd3M
https://www.youtube.com/watch?v=j8ZauZohd3M,https://www.youtube.com/watch?v=Io5o2KHqrXU
https://www.youtube.com/watch?v=Io5o2KHqrXU,https://www.youtube.com/watch?v=pS7Xa-MMjI8
https://www.youtube.com/watch?v=pS7Xa-MMjI8,https://www.youtube.com/watch?v=bBodDkhRXIM
https://www.youtube.com/watch?v=bBodDkhRXIM,https://www.youtube.com/watch?v=nRdBRaCC1I0
https://www.youtube.com/watch?v=nRdBRaCC1I0,https://www.youtube.com/watch?v=HWOkRXF4woc
https://www.youtube.com/watch?v=HWOkRXF4woc,https://music.youtube.com/watch?v=PwTWUmFcHgw
https://music.youtube.com/watch?v=PwTWUmFcHgw,https://www.youtube.com/watch?v=nN_wh-bih4o
https://www.youtube.com/watch?v=nN_wh-bih4o,https://www.youtube.com/watch?v=BFSCGYxCO_g
https://www.youtube.com/watch?v=BFSCGYxCO_g,https://www.youtube.com/watch?v=uk5Ms2D3Mmc
https://www.youtube.com/watch?v=uk5Ms2D3Mmc,https://www.youtube.com/watch?v=DCFynciH0_c
https://www.youtube.com/watch?v=DCFynciH0_c,https://www.youtube.com/watch?v=lHsnRYT3bK4
https://www.youtube.com/watch?v=lHsnRYT3bK4,https://www.youtube.com/watch?v=zPJuMYV3lLI
https://www.youtube.com/watch?v=zPJuMYV3lLI,https://www.youtube.com/watch?v=8sUy3MCI90M
https://www.youtube.com/watch?v=8sUy3MCI90M,https://www.youtube.com/watch?v=wUR4VW8sIYw
https://www.youtube.com/watch?v=wUR4VW8sIYw,https://www.youtube.com/watch?v=cBp_HXAFIbs
https://www.youtube.com/watch?v=cBp_HXAFIbs,https://www.youtube.com/watch?v=_kTSUqkc1Ig
https://www.youtube.com/watch?v=_kTSUqkc1Ig,https://www.youtube.com/watch?v=LzgdyLBsOU0
https://www.youtube.com/watch?v=LzgdyLBsOU0,https://www.youtube.com/watch?v=RSdY5mSj4rM
https://www.youtube.com/watch?v=RSdY5mSj4rM,https://www.youtube.com/watch?v=_-mLHMiBPSU
https://www.youtube.com/watch?v=_-mLHMiBPSU,https://www.youtube.com/watch?v=IHrJo3E_WHU
https://www.youtube.com/watch?v=IHrJo3E_WHU,https://www.youtube.com/watch?v=5NJqZythlx8
https://www.youtube.com/watch?v=5NJqZythlx8,https://www.youtube.com/watch?v=xvTfRSUBbbA
https://www.youtube.com/watch?v=xvTfRSUBbbA,https://www.youtube.com/watch?v=p6wb-eEbcQA
https://www.youtube.com/watch?v=p6wb-eEbcQA,https://www.youtube.com/watch?v=QF6t8LhCgW4
https://www.youtube.com/watch?v=QF6t8LhCgW4,https://www.youtube.com/watch?v=3N3ywp35Jz0
https://www.youtube.com/watch?v=3N3ywp35Jz0,https://www.youtube.com/watch?v=BFSCGYxCO_g
https://www.youtube.com/watch?v=BFSCGYxCO_g,https://www.youtube.com/watch?v=DCFynciH0_c
https://www.youtube.com/watch?v=DCFynciH0_c,https://www.youtube.com/watch?v=hdZvd0ksOxw
https://www.youtube.com/watch?v=hdZvd0ksOxw,https://www.youtube.com/watch?v=MA7PeQXIQnk
https://www.youtube.com/watch?v=MA7PeQXIQnk,https://www.youtube.com/watch?v=--9iqrF7-fM
https://www.youtube.com/watch?v=--9iqrF7-fM,https://www.youtube.com/watch?v=--9iqrF7-fM
https://www.youtube.com/watch?v=--9iqrF7-fM,https://www.youtube.com/watch?v=F-t5i_Yn1F0
https://www.youtube.com/watch?v=F-t5i_Yn1F0,https://www.youtube.com/watch?v=rvVMW1cWDyg
https://www.youtube.com/watch?v=rvVMW1cWDyg,https://www.youtube.com/watch?v=S2QAusMjIqo
https://www.youtube.com/watch?v=S2QAusMjIqo,https://www.youtube.com/watch?v=lHsnRYT3bK4
https://www.youtube.com/watch?v=lHsnRYT3bK4,https://www.youtube.com/watch?v=fhEMU8s77Gs
https://www.youtube.com/watch?v=fhEMU8s77Gs,https://www.youtube.com/watch?v=hdZvd0ksOxw
https://www.youtube.com/watch?v=hdZvd0ksOxw,https://www.youtube.com/watch?v=VgIkBjV1Dio
https://www.youtube.com/watch?v=VgIkBjV1Dio,https://www.youtube.com/watch?v=in__1G2WD6I
https://www.youtube.com/watch?v=in__1G2WD6I,https://www.youtube.com/watch?v=WrTx3UUFGrk
https://www.youtube.com/watch?v=WrTx3UUFGrk,https://www.youtube.com/watch?v=--iG9ltYJEk
https://www.youtube.com/watch?v=--iG9ltYJEk,https://www.youtube.com/watch?v=4YcpkdxjKbI
https://www.youtube.com/watch?v=4YcpkdxjKbI,https://www.youtube.com/watch?v=0jeRAml6iyc
https://www.youtube.com/watch?v=0jeRAml6iyc,https://www.youtube.com/watch?v=cBp_HXAFIbs
https://www.youtube.com/watch?v=cBp_HXAFIbs,https://www.youtube.com/watch?v=Vc8qw3QhrMg
https://www.youtube.com/watch?v=Vc8qw3QhrMg,https://www.youtube.com/watch?v=UsUYblpSxpU
https://www.youtube.com/watch?v=UsUYblpSxpU,https://www.youtube.com/watch?v=g23MkJFPZYo
https://www.youtube.com/watch?v=g23MkJFPZYo,https://www.youtube.com/watch?v=W6qqvemdJeY
https://www.youtube.com/watch?v=W6qqvemdJeY,https://www.youtube.com/watch?v=xlJAnqwT8OA
https://www.youtube.com/watch?v=xlJAnqwT8OA,https://www.youtube.com/watch?v=GjdbMPWKyeM
https://www.youtube.com/watch?v=GjdbMPWKyeM,https://www.youtube.com/watch?v=m1f7evVEOks
https://www.youtube.com/watch?v=m1f7evVEOks,https://www.youtube.com/watch?v=BFSCGYxCO_g
https://www.youtube.com/watch?v=BFSCGYxCO_g,https://www.youtube.com/watch?v=VPjM26SPpUg
https://www.youtube.com/watch?v=VPjM26SPpUg,https://www.youtube.com/watch?v=rZKE9cqJ2jk
https://www.youtube.com/watch?v=rZKE9cqJ2jk,https://www.youtube.com/watch?v=ZLRlH9O7Eng
https://www.youtube.com/watch?v=ZLRlH9O7Eng,https://www.youtube.com/watch?v=bu20arCFuQ4
https://www.youtube.com/watch?v=bu20arCFuQ4,https://www.youtube.com/watch?v=sTxpCggvgh4
https://www.youtube.com/watch?v=sTxpCggvgh4,https://www.youtube.com/watch?v=cw7zwmQIIS4
https://www.youtube.com/watch?v=cw7zwmQIIS4,https://www.youtube.com/watch?v=0xLS2DPkjZs
https://www.youtube.com/watch?v=0xLS2DPkjZs,https://www.youtube.com/watch?v=7J0Y43FFfrA
https://www.youtube.com/watch?v=7J0Y43FFfrA,https://www.youtube.com/watch?v=XO7aqkR-zm4
https://www.youtube.com/watch?v=XO7aqkR-zm4,https://www.youtube.com/watch?v=r6JZjuDZCgs
https://www.youtube.com/watch?v=r6JZjuDZCgs,https://www.youtube.com/watch?v=bu20arCFuQ4
https://www.youtube.com/watch?v=bu20arCFuQ4,https://www.youtube.com/watch?v=_GOz2mteWoQ
https://www.youtube.com/watch?v=_GOz2mteWoQ,https://www.youtube.com/watch?v=bu20arCFuQ4
https://www.youtube.com/watch?v=bu20arCFuQ4,https://www.youtube.com/watch?v=_X8JfID61po
https://www.youtube.com/watch?v=_X8JfID61po,https://www.youtube.com/watch?v=QTdTCBRlCpI
https://www.youtube.com/watch?v=QTdTCBRlCpI,https://www.youtube.com/watch?v=bv1QhblhIoM
https://www.youtube.com/watch?v=bv1QhblhIoM,https://www.youtube.com/watch?v=dHl6WR1yrPM
https://www.youtube.com/watch?v=dHl6WR1yrPM,https://www.youtube.com/watch?v=cYM_xgfBxMc
https://www.youtube.com/watch?v=cYM_xgfBxMc,https://www.youtube.com/watch?v=CboxjvDF6Sc
https://www.youtube.com/watch?v=CboxjvDF6Sc,https://www.youtube.com/watch?v=bu20arCFuQ4
https://www.youtube.com/watch?v=bu20arCFuQ4,https://www.youtube.com/watch?v=N8UB1sQS4Es
https://www.youtube.com/watch?v=N8UB1sQS4Es,https://www.youtube.com/watch?v=csLqBZrZ1ls
https://www.youtube.com/watch?v=csLqBZrZ1ls,https://www.youtube.com/watch?v=bu20arCFuQ4
https://www.youtube.com/watch?v=bu20arCFuQ4,https://www.youtube.com/watch?v=62TbAOSVvW0
https://www.youtube.com/watch?v=62TbAOSVvW0,https://www.youtube.com/watch?v=3OxnQlEf08o
https://www.youtube.com/watch?v=3OxnQlEf08o,https://www.youtube.com/watch?v=UnpYd-FycjU
https://www.youtube.com/watch?v=UnpYd-FycjU,https://www.youtube.com/watch?v=N8UB1sQS4Es
https://www.youtube.com/watch?v=N8UB1sQS4Es,https://www.youtube.com/watch?v=XKVuJDw-PKs
https://www.youtube.com/watch?v=XKVuJDw-PKs,https://www.youtube.com/watch?v=n22v4CfkUhA
https://www.youtube.com/watch?v=n22v4CfkUhA,https://www.youtube.com/watch?v=3AUcFCLrZcI
https://www.youtube.com/watch?v=3AUcFCLrZcI,https://www.youtube.com/watch?v=x3CiZ9Oi6zg
https://www.youtube.com/watch?v=x3CiZ9Oi6zg,https://www.youtube.com/watch?v=g0ELd15IB28
https://www.youtube.com/watch?v=g0ELd15IB28,https://www.youtube.com/watch?v=bu20arCFuQ4
https://www.youtube.com/watch?v=bu20arCFuQ4,https://www.youtube.com/watch?v=UnpYd-FycjU
https://www.youtube.com/watch?v=UnpYd-FycjU,https://www.youtube.com/watch?v=n22v4CfkUhA
https://www.youtube.com/watch?v=n22v4CfkUhA,https://www.youtube.com/watch?v=qjG6P-4MECs
https://www.youtube.com/watch?v=qjG6P-4MECs,https://www.youtube.com/watch?v=97aM_ecZ6gQ
https://www.youtube.com/watch?v=97aM_ecZ6gQ,https://www.youtube.com/watch?v=T1ycoaPqRhM
https://www.youtube.com/watch?v=T1ycoaPqRhM,https://www.youtube.com/watch?v=97aM_ecZ6gQ
https://www.youtube.com/watch?v=97aM_ecZ6gQ,https://www.youtube.com/watch?v=KQJNMEt17ck
https://www.youtube.com/watch?v=KQJNMEt17ck,https://www.youtube.com/watch?v=5JsBD9I4tjY
https://www.youtube.com/watch?v=5JsBD9I4tjY,https://www.youtube.com/watch?v=cZxAqGpxazQ
https://www.youtube.com/watch?v=cZxAqGpxazQ,https://www.youtube.com/watch?v=gVVZGehg1I0
https://www.youtube.com/watch?v=gVVZGehg1I0,https://www.youtube.com/watch?v=dHl6WR1yrPM
https://www.youtube.com/watch?v=dHl6WR1yrPM,https://www.youtube.com/watch?v=rOBQ5iCPcjw
https://www.youtube.com/watch?v=rOBQ5iCPcjw,https://www.youtube.com/watch?v=K--vL3_M9nE
https://www.youtube.com/watch?v=K--vL3_M9nE,https://www.youtube.com/watch?v=_GcfwSIBeo0
https://www.youtube.com/watch?v=_GcfwSIBeo0,https://www.youtube.com/watch?v=pMGhej3WEh8
https://www.youtube.com/watch?v=pMGhej3WEh8,https://www.youtube.com/watch?v=caVDM3w4JN0
